img_path,desc
./charts\tautgh_at_school.jpg,"The image is a pie chart titled:

**“Which language should children whose first language is NOT English, be taught at school?”**

### Responses shown

| Response | Percentage |
|---|---:|
| English | **61.9%** |
| Not sure | **12.7%** |
| Spanish | **8.9%** |
| French | **6.5%** |
| Mandarin | **3.4%** |
| Other (please specify) | **2.0%** |
| Arabic | **1.0%** |

The displayed categories total **96.4%**. The remaining **3.6%** appears to consist of several very small, unlabeled slices in the pie chart."
./charts\forein_students_in_english_speaking_countries.png,"## Foreign students in English-speaking countries

### Number of foreign students  
*Unit: thousands of students*

| Country | 2004 | 2012 |
|---|---:|---:|
| USA | 180,000 | 245,000 |
| UK | 120,000 | 198,000 |
| Australia | 120,000 | 190,000 |
| Canada | 40,000 | 60,000 |

### Foreign students as a percentage of total student numbers

| Country | 2004 | 2012 |
|---|---:|---:|
| USA | 2% | 2% |
| UK | 9% | 13% |
| Australia | 19% | 24% |
| Canada | 5% | 7% |

### Key observations

- The USA had the largest number of foreign students in both years: approximately **180,000 in 2004** and **245,000 in 2012**.
- Canada had the fewest: approximately **40,000** and **60,000**, respectively.
- The number of foreign students increased in all four countries.
- The largest numerical increase was in the USA, rising by about **65,000**.
- Australia had the highest proportion of foreign students in both years, increasing from **19% to 24%**.
- The USA’s proportion remained unchanged at **2%**.
- The UK’s proportion rose from **9% to 13%**, while Canada’s increased from **5% to 7%**."
./charts\social_media_pofile.png,"## Social Media Profiles: What Americans Aged 12–17 Post

The bar chart shows the percentage of Americans aged 12–17 posting various types of information on social media in **2006** and **2012**.

| Information posted | 2006 | 2012 | Change |
|---|---:|---:|---:|
| Photos of themselves | 79% | 91% | +12 percentage points |
| School names | 49% | 71% | +22 points |
| City or town names | 61% | 71% | +10 points |
| Email addresses | 29% | 53% | +24 points |
| Cell phone numbers | 2% | 20% | +18 points |

### Key details
- **Highest in both years:** Photos of themselves  
  - 79% in 2006; 91% in 2012
- **Lowest in both years:** Cell phone numbers  
  - 2% in 2006; 20% in 2012
- Every category increased between 2006 and 2012.
- The largest increase was for **email addresses**, rising by **24 percentage points**.
- In 2012, **school names** and **city or town names** were both posted by **71%** of respondents.

**Y-axis:** Percentage, from 0% to 100%  
**Legend:** Dark bars = 2006; light bars = 2012"
